<?xml version="1.0" encoding="utf-8"?>
<extension version="3.3" type="plugin" group="ajax" method="upgrade">
	<name>plg_ajax_simpleimageslider</name>
	<description>PLG_AJAX_SIMPLEIMAGESLIDER_DESCRIPTION</description>
	
	<author>Marco Beierer</author>
	<authorEmail>info@marcobeierer.ch</authorEmail>
	<authorUrl>https://www.marcobeierer.ch</authorUrl>
	
	<version>1.0.0-beta.2</version>
	<creationDate>March 2015</creationDate>
	
	<copyright>Copyright (C) 2015 Marco Beierer. All rights reserved.</copyright>
	<license>http://www.gnu.org/licenses/agpl-3.0.html GNU/AGPL</license>

	<files folder="plugin">
		<filename plugin="simpleimageslider">simpleimageslider.php</filename>
		<file>imagewrapper.php</file>
	</files>

	<languages folder="language">
		<language tag="en-GB">en-GB.plg_ajax_simpleimageslider.sys.ini</language>
	</languages>

	<config>
		<fields name="params">
			<fieldset name="basic">
			</fieldset>
		</fields>
	</config>
</extension>
